Identifier,Release
eos12x7,v1.0.0
eos4k4f,v1.0.0
eos4r1g,v1.0.0
eos1soi,v1.0.0
eos5bsw,v1.0.0
eos7l5m,v1.0.0
eos3lyd,v1.0.0
eos9f7c,v1.0.0
eos5nqn,v2.0.0
eos9x3z,v1.0.0
eos7ike,v1.0.0
eos4xb1,v1.0.0
eos1lb5,v1.0.0
eos11sm,v1.0.0
eos2xeq,v1.0.0
eos8g50,v1.0.0
eos19mt,v1.0.0
eos7ye0,v1.0.0
eos6tpo,v1.0.0
eos6m2k,v2.0.1
eos6ojg,v1.0.0
eos5pt8,v1.0.0
eos7m30,v1.0.0
eos74km,v1.0.0
eos3mk2,v1.0.0
eos3ujl,v1.0.0
eos9p4a,v1.0.0
eos3wzy,v1.0.0
eos3nn9,v1.0.0
eos1pu1,v1.0.0
eos39dp,v1.0.0
eos5gge,v1.0.0
eos7d58,v1.0.0
eos42ez,v1.0.0
eos21q7,v2.0.0
eos18ie,v1.0.0
eos5cl7,v3.0.0
eos1n4b,v1.0.0
eos9ym3,v1.0.0
eos30f3,v1.0.0
eos5xng,v1.0.0
eos9ivc,v1.0.0
eos2zmb,v1.0.0
eos4f95,v1.0.0
eos3le9,v1.0.0
eos4rta,v1.0.0
eos2l0q,v3.0.0
eos3804,v1.0.0
eos7yti,v2.0.0
eos80ch,v1.0.0
eos7nno,v1.0.0
eos3ev6,v1.0.0
eos5jz9,v1.0.0
eos7kpb,v1.0.0
eos9tyg,v1.0.0
eos44zp,
eos24jm,v1.0.0
eos2fy6,v1.0.0
eos2lqb,v1.0.0
eos31ve,v1.0.0
eos8fth,v1.0.0
eos8lok,v1.0.0
eos9yy1,v1.0.0
eos22io,v1.0.0
eos74bo,v1.0.0
eos81ew,v1.0.0
eos4cxk,v1.0.0
eos8c0o,v1.0.0
eos6hy3,v1.0.0
eos5505,v1.0.0
eos935d,v1.0.0
eos8a5g,v1.0.0
eos238c,v2.0.0
eos4zfy,v1.0.0
eos4tcc,v1.0.0
eos3xip,v1.0.0
eos8451,v1.0.0
eos85a3,v1.0.0
eos6o0z,v1.0.0
eos30gr,v1.0.0
eos2mhp,v1.0.0
eos6fza,v1.0.0
eos157v,v1.0.0
eos481p,v1.0.0
eos2b6f,v1.0.0
eos5smc,v1.0.0
eos9ei3,v1.0.0
eos46ev,v1.0.0
eos69p9,v1.0.0
eos7a45,v1.0.0
eos65rt,v1.0.0
eos2hbd,v1.0.0
eos2gth,v1.0.0
eos7pw8,v1.0.0
eos9yui,v1.0.0
eos1af5,v1.0.0
eos96ia,v1.0.0
eos43at,v1.0.0
eos6ao8,v1.0.0
eos8ioa,v1.0.0
eos2r5a,v1.0.0
eos6oli,v1.0.0
eos2ta5,v1.0.0
eos8d8a,v2.0.0
eos3b5e,v1.0.0
eos77w8,v1.0.0
eos1amr,v1.0.0
eos92sw,v1.0.0
eos9f6t,v1.0.0
eos4e40,v1.0.0
